global_step;epoch;train_loss;current_lr
200,0,2.5960910069942473,1.8357487922705315e-05
